País;Ano;Carvão per capita (kWh);Petróleo e derivados per capita (kWh);Gás per capita (kWh);Nuclear per capita (kWh);Renováveis per capita (kWh)
Argentina;1960;381.552;12420.8;1860.771;0;153.558
Argentina;1961;309.941;12620.526;1985.293;0;153.251
Argentina;1962;343.442;12735.081;2045.633;0;154.653
Argentina;1963;328.857;12809.391;2244.433;0;179.604
Argentina;1964;387.887;13095.686;2202.822;0;158.746
Argentina;1965;490.885;11658.27;2451.556;0;180.877
Argentina;1966;423.649;12221.488;2605.275;0;176.792
Argentina;1967;350.92;11973.026;2876.891;0;169.462
Argentina;1968;379.005;11862.764;3221.037;0;331.917
Argentina;1969;464.449;11668.13;3354.939;113.021;548.524
Argentina;1970;445.026;10874.201;3383.818;270.306;558.546
Argentina;1971;443.279;11048.887;3750.829;272.017;530.18
Argentina;1972;412.901;11463.436;3859.16;170.555;600.744
Argentina;1973;495.887;10985.142;3697.948;297.271;795.732
Argentina;1974;455.086;11643.168;3745.419;272.206;1077.903
Argentina;1975;399.498;10645.704;4019.472;233.004;1507.954
Argentina;1976;372.655;9829.948;4135.232;276.028;1439.444
Argentina;1977;370.42;9203.775;4623.63;180.397;1697.178
Argentina;1978;330.803;9184.368;4892.074;323.229;1748.474
Argentina;1979;241.625;8595.351;5124.605;433.522;1857.016
Argentina;1980;350.791;7860.676;5152.764;530.068;1897.985
Argentina;1981;394.455;8134.449;5480.401;516.757;1900.989
Argentina;1982;430.974;8547.646;5398.206;575.876;1945.507
Argentina;1983;434.885;8473.096;6209.228;508.56;1318.591
Argentina;1984;463.566;7662.06;6425.23;435.398;1120.249
Argentina;1985;376.047;7049.951;6049.313;620.045;1522.307
Argentina;1986;326.31;7263.124;6073.903;651.303;1362.144
Argentina;1987;362.911;7536.484;6479.603;586.635;1638.621
Argentina;1988;237.562;7293.282;6753.378;633.728;1926.162
Argentina;1989;205.365;7600.64;6855.033;664.92;2258.611
Argentina;1990;212.878;7451.741;7536.37;563.561;2269.726
Argentina;1991;220.358;7370.912;8545.091;587.847;2045.507
Argentina;1992;171.85;7720.314;7783.838;620.177;2574.232
Argentina;1993;228.415;7854.832;8227.444;574.066;2499.789
Argentina;1994;271.078;7868.985;8629.702;541.278;2023.499
Argentina;1995;203.756;7184.495;8759.44;465.364;2566.684
Argentina;1996;165.171;6580.576;8111.208;522.621;3106.01
Argentina;1997;121.711;6178.466;7812.165;423.569;3022.722
Argentina;1998;146.867;6233.54;8829.341;541.183;2800.913
Argentina;1999;247.32;6616.618;9562.814;553.4;2494.863
Argentina;2000;281.842;6858.788;10101.846;475.344;2726.46
Argentina;2001;252.58;7160.928;10346.312;525.273;2972.56
Argentina;2002;361.865;7906.042;10763.004;485.543;2530.308
Argentina;2003;437.026;7910.445;10775.596;486.983;2452.767
Argentina;2004;237.655;7486.095;10334.169;530.294;2645.306
Argentina;2005;329.425;8024.262;10291.399;459.683;2586.495
Argentina;2006;353.787;8228.508;10609.704;401.384;2487.904
Argentina;2007;327.365;8651.78;10936.185;394.921;2298.096
Argentina;2008;354.045;9095.258;10908.069;376.61;2497.893
Argentina;2009;372.717;8910.369;10824.98;329.115;2476.985
Argentina;2010;367.127;8991.415;10830.448;413.391;2488.859
Argentina;2011;280.144;8625.783;11080.615;478.874;2243.571
Argentina;2012;285.073;8441.547;10992.992;346.404;2399.507
Argentina;2013;309.035;7962.17;10979.039;385.011;2418.575
Argentina;2014;181.417;7119.397;10397.233;466.869;2370.148
Argentina;2015;196.041;6359.988;9719.912;582.035;2257.64
Argentina;2016;195.3082632;6359.255261;9719.179262;581.3022679;2283.166946
Argentina;2017;237.467726;6265.596241;9981.409718;635.9257559;2167.880913
Argentina;2018;232.475975;6125.48496;10202.3158;647.109341;2230.962637
Argentina;2019;227.378622;5982.457605;10425.43368;658.3892111;2294.75794
Argentina;2020;222.1756669;5836.514178;10650.76338;669.7653664;2359.266822
Argentina;2021;216.8671097;5687.654678;10878.30489;681.2378066;2424.489285
Argentina;2022;211.4529504;5535.879105;11108.05821;692.806532;2490.425328
Argentina;2023;205.933189;5381.187458;11340.02334;704.4715423;2557.07495
Argentina;2024;200.3078255;5223.579739;11574.20028;716.2328378;2624.438153
Argentina;2025;194.5768599;5063.055947;11810.58903;728.0904183;2692.514935
Argentina;2026;188.7402922;4899.616082;12049.18958;740.0442839;2761.305297
Argentina;2027;182.7981224;4733.260143;12290.00195;752.0944345;2830.809239
Argentina;2028;176.7503505;4563.988132;12533.02613;764.2408702;2901.026761
Argentina;2029;170.5969766;4391.800048;12778.26212;776.483591;2971.957863
Argentina;2030;164.3380005;4216.695891;13025.70992;788.8225968;3043.602544
Argentina;2031;157.9734223;4038.67566;13275.36953;801.2578877;3115.960806
Argentina;2032;151.503242;3857.739357;13527.24095;813.7894636;3189.032647
Argentina;2033;144.9274597;3673.886981;13781.32418;826.4173246;3262.818068
Argentina;2034;138.2460752;3487.118532;14037.61922;839.1414706;3337.317069
Argentina;2035;131.4590887;3297.43401;14296.12607;851.9619018;3412.52965
Argentina;2036;124.5665;3104.833414;14556.84474;864.8786179;3488.455811
Argentina;2037;117.5683093;2909.316746;14819.77521;877.8916192;3565.095551
Argentina;2038;110.4645164;2710.884005;15084.91749;891.0009055;3642.448872
Argentina;2039;103.2551215;2509.535191;15352.27158;904.2064768;3720.515772
Argentina;2040;95.94012444;2305.270303;15621.83748;917.5083333;3799.296252
Argélia;1960;64.864;1227.425;592.031;0;88.529
Argélia;1961;61.293;1571.209;598.27;0;76.427
Argélia;1962;45.556;1426.894;564.086;0;85.792
Argélia;1963;46.814;1475.991;576.222;0;114.457
Argélia;1964;57.895;1515.173;736.161;0;71.313
Argélia;1965;66.733;1683.216;672.72;0;111.38
Argélia;1966;17.986;1845.051;742.961;0;61.636
Argélia;1967;15.217;1970.526;839.339;0;89.952
Argélia;1968;17.027;2094.254;1136.817;0;132.967
Argélia;1969;13.683;2262.916;1280.234;0;85.489
Argélia;1970;16.807;2446.497;1715.47;0;54.861
Argélia;1971;31.992;2734.304;1971.668;0;63.243
Argélia;1972;40.348;3003.29;2041.829;0;42.497
Argélia;1973;19.916;3016.638;3184.894;0;38.362
Argélia;1974;44.904;3502.755;4371.766;0;43.347
Argélia;1975;38.723;3444.161;5693.387;0;37.14
Argélia;1976;26.399;3597.764;7175.923;0;51.284
Argélia;1977;474.801;3695.001;7891.858;0;65.055
Argélia;1978;410.597;4022.983;8374.381;0;30.935
Argélia;1979;441.397;4319.238;7133.541;0;57.691
Argélia;1980;446.919;4304.387;6856.767;0;79.997
Argélia;1981;445.519;4242.909;7290.919;0;30.059
Argélia;1982;517.557;4168.394;7246.805;0;58.303
Argélia;1983;473.413;4057.226;7942.26;0;20.796
Argélia;1984;389.579;4139.885;7276.398;0;25.005
Argélia;1985;297.535;4340.707;7574.047;0;14.558
Argélia;1986;299.556;4190.376;7298.835;0;30.829
Argélia;1987;347.674;4117.633;7360.755;0;20.452
Argélia;1988;276.91;4007.704;6460.667;0;35.482
Argélia;1989;255.57;3758.837;6669.398;0;16.343
Argélia;1990;250.736;3586.589;7031.883;0;18.642
Argélia;1991;116.036;3362.973;7097.134;0;12.813
Argélia;1992;200.201;3282.909;6523.898;0;7.004
Argélia;1993;211.085;3333.874;6646.675;0;19.78
Argélia;1994;222.928;3229.504;6697.783;0;18.414
Argélia;1995;181.706;3322.33;6153.329;0;4.832
Argélia;1996;207.074;3394.921;6273.856;0;6.054
Argélia;1997;268.342;3716.745;6116.414;0;4.906
Argélia;1998;218.44;3817.68;6382.682;0;22.376
Argélia;1999;257.202;3938.16;6481.658;0;20.784
Argélia;2000;208.395;4048.707;6743.95;0;45.059
Argélia;2001;304.916;4157.005;6792.237;0;17.289
Argélia;2002;257.673;4577.23;6843.07;0;17.57
Argélia;2003;253.492;4892.401;7026.715;0;21.51
Argélia;2004;159.965;5098.069;7418.314;0;25.393
Argélia;2005;100.21;5047.942;7039.756;0;13.197
Argélia;2006;87.238;5243.325;7309.311;0;28
Argélia;2007;90.84;5467.472;7991.167;0;28.643
Argélia;2008;48.179;5599.785;8421.978;0;8.566
Argélia;2009;53.483;5701.549;9272.465;0;16.607
Argélia;2010;38.935;5944.134;9545.537;0;14.136
Argélia;2011;14.053;5661.063;9517.866;0;20.841
Argélia;2012;51.14;5448.581;9534.505;0;34.974
Argélia;2013;137.704;5430.892;10279.52;0;42.965
Argélia;2014;111.565;5504.912;10485.036;0;44.689
Argélia;2015;109.534;4589.515;9824.517;0;37.02
Argélia;2016;194.8134407;4581.778964;10005.36628;0;0
Argélia;2017;241.7810685;4543.596138;10217.95417;0;0
Argélia;2018;253.8422213;4520.364888;10450.49696;0;0
Argélia;2019;241.5554832;4506.805922;10697.71535;0;0
Argélia;2020;303.2592197;4453.750059;10910.44016;0;0
Argélia;2021;246.6703703;4457.338827;11184.81293;0;0
Argélia;2022;189.7331789;4458.600106;11461.86153;0;0
Argélia;2023;91.31134383;4478.102045;11762.15412;0;0
Argélia;2024;106.7070465;4438.193555;12008.03959;0;0
Argélia;2025;0;4456.834779;12317.4781;0;0
Argélia;2026;0;4419.620818;12576.06475;0;0
Argélia;2027;0;4379.905197;12837.15306;0;0
Argélia;2028;0;4337.687914;13100.74303;0;0
Argélia;2029;0;4292.968971;13366.83466;0;0
Argélia;2030;0;4245.748367;13635.42796;0;0
Argélia;2031;0;4196.026102;13906.52291;0;0
Argélia;2032;0;4143.802176;14180.11952;0;0
Argélia;2033;0;4089.07659;14456.2178;0;0
Argélia;2034;134.3833124;3964.657686;14667.62608;0;0
Argélia;2035;117.8527822;3913.194043;14956.99294;0;0
Argélia;2036;175.626051;3822.076839;15211.70956;0;0
Argélia;2037;188.4902204;3750.912524;15491.3824;0;0
Argélia;2038;170.3091273;3692.76918;15789.07952;0;0
Argélia;2039;246.1049305;3585.135726;16042.28986;0;0
Argélia;2040;171.8581049;3550.021926;16373.02317;0;0
Canadá;1960;9169.874;32750.122;11039.571;18.115;16711.991
Canadá;1961;8833.259;33904.339;11875.685;23.918;18216.596
Canadá;1962;8601.434;35577.583;12394.591;20.91;18303.337
Canadá;1963;9186.443;37233.073;13568.127;123.337;18299.089
Canadá;1964;8721.432;38123.002;14910.475;69.89;19901.74
Canadá;1965;9210.714;39991.948;16203.496;134.767;20551.282
Canadá;1966;8614.043;40410.272;17016.878;545.621;20773.893
Canadá;1967;8000.04;41877.74;18837.962;907.503;22859.222
Canadá;1968;8113.135;45042.14;19726.668;1890.326;24122.171
Canadá;1969;8123.557;45151.123;19651.019;1794.709;25727.128
Canadá;1970;7795.784;43939.934;20017.197;1514.215;24390.07
Canadá;1971;9112.949;44440.492;19939.449;2071.448;25381.186
Canadá;1972;11506.804;44258.195;20666.608;3096.011;25999.814
Canadá;1973;9355.89;45172.195;20630.721;3626.195;27472.015
Canadá;1974;8763.976;46421.076;20720.652;4055.07;28220.968
Canadá;1975;10562.019;45116.489;20374.883;4326.7;28719.676
Canadá;1976;10674.386;42296.377;19568.846;4511.78;30168.583
Canadá;1977;11167.079;38017.728;20516.781;4273.939;28978.322
Canadá;1978;11565.312;35385.205;19366.789;5364.33;29579.076
Canadá;1979;12744.079;35335.477;21266.186;5699.687;31490.745
Canadá;1980;12106.939;35075.977;22047.201;6530.017;32943.349
Canadá;1981;11078.723;35399.73;20948.95;7591.955;33290.211
Canadá;1982;11746.148;36039.573;20915.967;8119.204;33472.525
Canadá;1983;12438.161;37409.328;22699.126;8587.079;32115.511
Canadá;1984;12241.529;38333.001;24201.397;8106.285;30039.799
Canadá;1985;11459.265;34958.701;23150.848;7308.216;30221.204
Canadá;1986;10954.083;32725.434;23020.386;8400.323;31002.292
Canadá;1987;11026.251;33180.409;24112.255;7875.587;31464.192
Canadá;1988;9678.797;33227.599;25293.652;9076.76;31826.77
Canadá;1989;10151.142;33570.137;25901.256;10306.612;32113.018
Canadá;1990;10500.352;34859.505;26488.671;9254.54;32503.823
Canadá;1991;10609.293;35364.872;26668.059;8686.825;34153.236
Canadá;1992;10982.188;36099.513;26933.191;7654.137;33334.13
Canadá;1993;11631.977;36453.929;26233.14;6568.563;31451.813
Canadá;1994;11077.978;36813.867;27783.659;6689.953;32461.507
Canadá;1995;11611.881;36261.563;29168.201;6565.106;33233.195
Canadá;1996;11953.449;36932.04;27215.697;6806.584;30523.482
Canadá;1997;11908.031;37944.807;28053.713;6595.792;31637.684
Canadá;1998;11761.854;38973.151;28513.955;6434.665;29959.402
Canadá;1999;10996.356;40260.951;27602.858;7637.015;29708.325
Canadá;2000;10830.18;38724.781;27477.743;7643.709;31166.97
Canadá;2001;10370.768;38619.796;26918.281;7991.943;29927.377
Canadá;2002;10712.465;39212.925;28350.727;7488.797;30620.633
Canadá;2003;10055.618;37377.385;27957.381;7550.25;30824.929
Canadá;2004;8299.585;35973.13;26825.757;6955.111;29882.139
Canadá;2005;8404.274;37154.534;26946.567;6874.157;28302.15
Canadá;2006;7490.812;36805.322;29278.048;6973.127;29764.173
Canadá;2007;7084.74;36875.525;28579.481;6948.136;29751.791
Canadá;2008;6780.487;36305.196;30015.675;7450.854;30136.142
Canadá;2009;6408.8;35920.457;30942.151;7602.02;29059.112
Canadá;2010;6354.229;35656.387;30658.931;7099.22;29635.441
Canadá;2011;5883.424;35209.267;29256.441;6962.024;29843.143
Canadá;2012;5928.806;34571.851;30029.79;6846.523;29690.467
Canadá;2013;4890.969;35470.281;31401.949;6705.828;29052.468
Canadá;2014;4712.607;35497.035;31499.878;6651.646;28250.186
Canadá;2015;3644.959;31357.514;29843.34;6375.21;28493.413
Canadá;2016;3631.261424;31282.4062;30255.65381;6584.748532;28434.65441
Canadá;2017;3562.861194;31150.76633;30616.11859;6741.575076;28591.69156
Canadá;2018;3493.654419;31016.49049;30978.63045;6899.585699;28748.94007
Canadá;2019;3423.641102;30879.57868;31343.18938;7058.780403;28906.39993
Canadá;2020;3352.82124;30740.0309;31709.79539;7219.159187;29064.07115
Canadá;2021;3281.194835;30597.84716;32078.44848;7380.722052;29221.95372
Canadá;2022;3208.761887;30453.02744;32449.14865;7543.468998;29380.04765
Canadá;2023;3135.522395;30305.57176;32821.89589;7707.400023;29538.35293
Canadá;2024;3061.47636;30155.4801;33196.69022;7872.515129;29696.86956
Canadá;2025;2986.623781;30002.75248;33573.53162;8038.814316;29855.59755
Canadá;2026;2910.964658;29847.38888;33952.4201;8206.297583;30014.53689
Canadá;2027;2834.498992;29689.38932;34333.35566;8374.96493;30173.68759
Canadá;2028;2757.226783;29528.75379;34716.33829;8544.816358;30333.04964
Canadá;2029;2679.14803;29365.48229;35101.36801;8715.851866;30492.62305
Canadá;2030;2600.262733;29199.57482;35488.4448;8888.071455;30652.40781
Canadá;2031;2520.570893;29031.03138;35877.56867;9061.475124;30812.40393
Canadá;2032;2440.07251;28859.85197;36268.73962;9236.062874;30972.61139
Canadá;2033;2358.767583;28686.03659;36661.95765;9411.834704;31133.03022
Canadá;2034;2276.656112;28509.58524;37057.22275;9588.790614;31293.6604
Canadá;2035;2193.738098;28330.49792;37454.53494;9766.930605;31454.50193
Canadá;2036;2110.01354;28148.77463;37853.8942;9946.254676;31615.55482
Canadá;2037;2025.482439;27964.41538;38255.30054;10126.76283;31776.81906
Canadá;2038;1940.144794;27777.42015;38658.75395;10308.45506;31938.29465
Canadá;2039;1854.000606;27587.78895;39064.25445;10491.33137;32099.9816
Canadá;2040;1767.049874;27395.52179;39471.80202;10675.39177;32261.87991
China;1960;1837.435;178.209;15.308;0;84.754
China;1961;1917.409;223.325;18.191;0;84.132
China;1962;1659.292;214.656;19.296;0;70.606
China;1963;1601.792;228.339;17.996;0;81.024
China;1964;1881.685;297.827;24.509;0;80.162
China;1965;2331.619;401.215;34.951;0;80.679
China;1966;2621.33;532.045;44.411;0;95.156
China;1967;2706.111;597.706;56.103;0;105.27
China;1968;2679.915;712.753;67.759;0;115.007
China;1969;2596.212;802.534;83.539;0;127.428
China;1970;2869.894;868.11;96.299;0;130.788
China;1971;2888.733;975.073;107.984;0;130.225
China;1972;3127.225;1013.729;127.523;0;133.784
China;1973;3383.235;1107.418;142.336;0;123.506
China;1974;3450.56;1094.478;148.298;0;136.775
China;1975;3538.706;1011.632;143.81;0;161.711
China;1976;3471.519;947.126;126.627;0;179.465
China;1977;3623.566;925.065;116.969;0;201.085
China;1978;3826.638;932.351;118.051;0;230.276
China;1979;4099.778;952.394;118.391;0;227.895
China;1980;4403.417;981.099;121.159;0;238.597
China;1981;4521.794;1025.169;126.649;0;239.847
China;1982;4813.429;1068.956;125.431;0;248.944
China;1983;5072.607;1127.341;126.324;0;266.536
China;1984;5220.243;1159.549;130.939;0;283.949
China;1985;5212.514;1131.437;131.01;0;299.313
China;1986;5393.116;1206.867;130.873;0;290.526
China;1987;5578.387;1297.645;131.881;0;301.401
China;1988;5883.051;1419.96;138.634;3.656;346.828
China;1989;6212.642;1426.092;143.877;33.324;380.025
China;1990;6234.773;1531.26;144.083;28.726;434.752
China;1991;6467.851;1664.119;149.694;31.821;420.795
China;1992;6285.217;1801.334;156.883;31.735;437.823
China;1993;6188.547;1836.013;160.508;30.792;440.563
China;1994;6319.895;1939.245;169.043;32.403;432.628
China;1995;6362.72;2062.018;191.358;36.025;485.493
China;1996;6647.344;2094.379;212.802;37.116;596.364
China;1997;7241.71;2247.299;224.986;52.699;611.163
China;1998;8578.299;2487.279;259.824;89.773;595.032
China;1999;9942.894;2887.249;302.203;103.259;731.286
China;2000;11576.039;2920.684;352.991;107.306;817.345
China;2001;12640.681;3119.36;431.735;109.528;892.163
China;2002;13687.973;3254.878;528.07;122.61;988.146
China;2003;13827.096;3301.739;605.31;133.383;1297.046
China;2004;14403.51;3406.867;662.843;135.012;1280.531
China;2005;14859.829;3854.111;795.392;142.372;1497.934
China;2006;16085.623;3971.915;981.934;164.167;1491.788
China;2007;16197.189;4140.44;1089.994;182.953;1860.023
China;2008;16452.77;4298.437;1234.864;205.096;2011.179
China;2009;16374.014;4443.376;1345.977;242.257;2344.478
China;2010;15980.731;4785.632;1383.872;308.169;2506.046
China;2011;15757.176;4923.4;1481.145;379.124;2708.185
China;2012;15753.075;5122.014;1697.737;436.482;2932.861
China;2013;15781.556;5265.921;1988.762;513.563;3195.08
China;2014;15845.612;5412.07;2150.792;602.223;3479.253
China;2015;15877.543;5500.126;2296.775;627.698;3745.502
China;2016;16825.29283;4905.831491;2582.998389;670.3243311;3668.712035
China;2017;17498.77393;4808.318765;2742.395381;636.1746629;3572.633294
China;2018;17768.64508;4788.665723;2961.227804;655.1252626;3689.769126
China;2019;18297.20548;4925.121216;3116.070981;603.7514536;3526.420825
China;2020;18463.97835;4982.090142;3349.603562;624.7318845;3653.302984
China;2021;18694.64077;5092.222147;3568.771087;625.0120974;3698.197773
China;2022;18741.2865;5202.311409;3823.758906;654.7774407;3861.846585
China;2023;19161.88009;5159.463497;4047.055329;646.5162256;3874.202665
China;2024;19131.34886;5420.210108;4309.706148;671.2742423;3961.715403
China;2025;19355.82938;6032.001304;4445.980789;563.3209184;3702.259336
China;2026;18925.0653;6611.333941;4724.656832;591.433834;3852.038779
China;2027;19025.03532;6533.786;5033.422944;643.3016553;4074.119731
China;2028;18747.78592;7106.763601;5292.388603;639.0338601;4128.830625
China;2029;18703.01572;7238.076833;5598.052068;675.128708;4305.666241
China;2030;18675.21445;7652.734929;5848.513547;649.6864061;4298.927199
China;2031;18799.38683;7742.906882;6137.881316;656.815232;4393.223234
China;2032;19087.86857;7619.47111;6441.757103;672.1169129;4514.136758
China;2033;19326.79893;7682.741159;6715.772701;651.2232416;4563.951389
China;2034;19757.21117;7437.113105;7023.570773;657.7768806;4669.952452
China;2035;20862.23673;6507.856675;7338.051028;664.6775402;4777.939368
China;2036;21594.7111;6300.671184;7569.579766;582.2915194;4708.644734
China;2037;21787.80803;6229.216296;7906.448633;598.9104648;4838.651843
China;2038;22306.22418;6342.203837;8120.305506;486.182253;4711.256449
China;2039;22359.78996;6378.993587;8473.852839;506.8093379;4851.86346
China;2040;22493.68663;6479.292527;8795.868574;489.5696613;4918.028759
México;1960;181.812;4044.262;1827.74;0;557.963
México;1961;187.983;4107.978;1869.815;0;617.437
México;1962;223.601;4265.176;1558.826;0;651.731
México;1963;227.255;4496.701;1622.733;0;725.073
México;1964;223.384;4608.216;1951.548;0;745.594
México;1965;242.992;4805.939;1935.681;0;809.433
México;1966;295.963;4944.517;1951.803;0;762.633
México;1967;317.457;5403.431;2025.597;0;788.842
México;1968;330.453;5614.731;2179.273;0;815.319
México;1969;354.729;6163.052;2227.95;0;822.837
México;1970;396.228;6613.404;2204.244;0;731.633
México;1971;295.956;7090.483;2104.024;0;808.902
México;1972;414.666;7129.062;2163.176;0;874.16
México;1973;421.451;7824.186;2652.285;0;724.219
México;1974;403.834;8189.818;3140.389;0;799.3
México;1975;399.019;8908.762;3291.216;0;730.71
México;1976;344.327;9521.448;3483.649;0;1023.823
México;1977;402.782;9629.706;3658.339;0;946.793
México;1978;448.143;9169.642;3688.638;0;843.772
México;1979;439.486;9491.682;3612.301;0;934.997
México;1980;466.176;9672.904;3622.876;0;1099.227
México;1981;503.325;9588.884;3156.246;0;883.87
México;1982;476.929;9852.536;3147.01;0;831.341
México;1983;442.519;9635.049;3139.007;0;910.095
México;1984;480.44;10113.031;3010.412;12.545;1012.694
México;1985;467.473;10364.179;3194.727;97.189;979.729
México;1986;443.853;10593.811;3301.985;137.797;924.516
México;1987;440.798;10519.903;3243.12;125.02;1058.576
México;1988;488.489;10316.648;3196.208;154.552;1039.32
México;1989;580.307;10930.795;3338.978;130.606;816.478
México;1990;635.572;10021.37;3348.152;255.858;1031.103
México;1991;717.143;10093.15;3357.951;234.933;1119.283
México;1992;706.728;10260.924;3322.808;306.988;947.251
México;1993;711.539;10638.638;3485.354;267.928;889.338
México;1994;713.419;10386.681;3466.273;285.002;1105.481
México;1995;770.345;10722.092;3631.283;230.902;1108.293
México;1996;834.249;10397.104;3608.297;240.099;955.026
México;1997;1377.846;9807.044;4038.841;262.818;834.884
México;1998;1002.303;9928.146;4317.908;277.548;709.07
México;1999;1011.528;10189.827;4594.746;238.129;840.923
México;2000;1258.708;10289.927;4972.622;274.174;910.326
México;2001;1331.333;10037.579;5419.138;270.035;944.054
México;2002;1205.306;10273.267;5224.985;253.549;872.192
México;2003;1060.733;10096.028;5414.112;233.543;1128.984
México;2004;1064.756;9611.047;5794.647;244.96;813.94
México;2005;1298.23;9514.938;5788.665;134.358;1048.36
México;2006;1480.846;9539.557;6120.252;225.988;1015.273
México;2007;1272.796;9563.063;6280.482;192.612;931.89
México;2008;1247.415;9176.484;6546.915;254.239;853.955
México;2009;1229.187;8649.878;6551.32;204.625;1113.847
México;2010;1211.658;8445.016;6629.258;240.34;985.493
México;2011;1172.703;8404.571;6732.168;215.467;995.625
México;2012;1416.547;7998.927;6894.971;218.046;1037.381
México;2013;1248.471;7716.391;6940.751;190.334;1149.981
México;2014;1179.027;7046.622;6895.787;222.008;1085.534
México;2015;449.948;5310.264;6692.906;218.507;1263.161
México;2016;663.3972288;5529.234437;6586.685418;276.714291;1076.91705
México;2017;693.1481803;5327.697109;6964.867596;294.238353;1051.159611
México;2018;721.0605515;5116.038193;7348.550212;309.7356408;1033.888678
México;2019;733.7307085;4880.854053;7724.329631;309.8025206;1078.718786
México;2020;751.242359;4642.228399;8112.289563;314.5227003;1105.315104
México;2021;782.7966622;4409.362388;8521.631165;333.0973388;1076.872996
México;2022;812.3812285;4166.243632;8936.342049;349.5140466;1057.442019
México;2023;825.8763172;3898.75239;9342.302473;349.6530831;1103.501137
México;2024;844.4659627;3628.072695;9760.696472;354.6984826;1130.314212
México;2025;877.8236176;3363.878002;10201.1975;374.3236977;1099.187434
México;2026;909.080379;3089.299406;10646.93665;391.6598255;1077.596414
México;2027;923.4003994;2789.501061;11083.07808;391.8710186;1124.884542
México;2028;943.0680399;2486.767327;11531.90615;397.241638;1151.914374
México;2029;978.2290465;2191.243951;12003.5666;417.9174297;1118.102925
México;2030;1011.158003;1885.205516;12480.33402;436.1729774;1094.351862
México;2031;1026.302955;1553.100067;12946.65645;436.4563271;1142.869
México;2032;1047.048591;1218.312294;13425.91858;442.1521664;1170.115589
México;2033;1084.012949;891.4602348;13928.73846;463.8785347;1133.619471
México;2034;1118.6141;553.9619601;14436.53415;483.0535024;1107.708364
México;2035;1134.583984;189.5494091;14933.03759;483.4090088;1157.454512
México;2036;1125.45106;39.4034801;15411.77723;458.4735131;1061.091638
México;2037;1117.986919;4.845692446;15899.52468;435.0186073;836.9834477
México;2038;1102.244205;0;16386.33258;403.0969347;600.8480566
México;2039;1059.479104;0;16853.4571;343.9646808;433.7833114
México;2040;1015.389883;0;17326.59653;283.3201137;263.5401
Estados Unidos;1960;16142.73;32115.178;20823.778;53.532;2952.633
Estados Unidos;1961;16745.517;33340.227;22203.338;79.943;2944.301
Estados Unidos;1962;16267.37;34274.771;23212.724;109.775;3287.131
Estados Unidos;1963;16681.163;36237.896;24619.425;177.997;3289.252
Estados Unidos;1964;16600.464;37714.877;26264.713;196.113;3641.86
Estados Unidos;1965;16298.065;39024.713;27438.171;304.304;3576.125
Estados Unidos;1966;15276.474;40029.933;28036.789;527.083;3795.6
Estados Unidos;1967;15766.076;42762.359;28072.278;741.602;3873.408
Estados Unidos;1968;16783.684;44870.886;27595.49;1134.369;3849.545
Estados Unidos;1969;16238.268;42703.263;26401.928;1534.96;4192.47
Estados Unidos;1970;16092.405;41308.171;24016.373;2302.348;4133.035
Estados Unidos;1971;17106.638;44008.145;24272.837;2527.44;3924.904
Estados Unidos;1972;17371.317;46032.721;23559.458;3287.585;3104.658
Estados Unidos;1973;17016.801;46626.711;23422.926;3588.424;3835.793
Estados Unidos;1974;18418.668;45121.282;23976.943;3281.732;3808.448
Estados Unidos;1975;18712.096;41195.875;23258.994;3199.705;3736.266
Estados Unidos;1976;19120.241;38045.725;22486.278;3442.001;3524.297
Estados Unidos;1977;18243.805;35713.251;20706.85;3536.124;4062.145
Estados Unidos;1978;18748.846;35213.633;19244.312;3638.117;4336.641
Estados Unidos;1979;19948.069;35983.539;20362.798;4020.844;4234.397
Estados Unidos;1980;20234.129;35511.232;19415.999;4664.883;3737.495
Estados Unidos;1981;19795.439;36890.263;18026.656;4986.913;3841.139
Estados Unidos;1982;20460.376;37306.902;18986.716;5432.303;3378.978
Estados Unidos;1983;21211.543;38488.111;19670.859;6228.904;3040.727
Estados Unidos;1984;21260.758;38111.956;20703.605;6198.086;3625.813
Estados Unidos;1985;21172.437;36914.598;20508.514;6690.184;3888.443
Estados Unidos;1986;20773.28;35784.315;20758.975;7036.74;3834.127
Estados Unidos;1987;20716.847;36177.955;21259.586;7040.291;3454.156
Estados Unidos;1988;21278.51;36126.75;21575.07;6875.752;3742.71
Estados Unidos;1989;21137.591;36682.848;21854.252;7140.878;3492.122
Estados Unidos;1990;21092.846;36194.748;22551.478;7425.652;3961.869
Estados Unidos;1991;21791.064;37069.882;22691.422;7352.347;4308.295
Estados Unidos;1992;21974.543;37097.058;22543.295;6764.999;4351.472
Estados Unidos;1993;21910.915;37253.051;21883.487;7158.675;3949.882
Estados Unidos;1994;21612.42;37828.652;21693.316;7644.638;3870.614
Estados Unidos;1995;22315.576;37819.415;22306.241;7824.926;3406.889
Estados Unidos;1996;21437.63;37373.71;21104.765;7847.405;2758.211
Estados Unidos;1997;21228.326;37045.553;21585.671;7837.181;3254.842
Estados Unidos;1998;21443.095;37277.817;20778.407;7557.197;3320.329
Estados Unidos;1999;21395.203;38302.369;20681.327;7685.521;3235.994
Estados Unidos;2000;21515.599;38014.692;20176.494;7505.771;3262.255
Estados Unidos;2001;20989.082;37180.803;19699.767;7438.734;3467.86
Estados Unidos;2002;21070.116;36598.32;20762.517;7500.813;3117.491
Estados Unidos;2003;20538.21;33852.312;20722.262;7381.565;3324.075
Estados Unidos;2004;17898.288;31789.136;20163.675;7202.126;3609.213
Estados Unidos;2005;18771.298;32009.285;20976.373;7167.372;3636.319
Estados Unidos;2006;17565.326;31121.422;21124.679;6918.087;4308.24
Estados Unidos;2007;15406.792;30172.369;21911.694;6642.09;4120.208
Estados Unidos;2008;15873.157;30464.24;22345.834;6720.575;4311.22
Estados Unidos;2009;15724.122;30454.535;22664.613;6701.192;4412.458
Estados Unidos;2010;13491.349;30870.216;23173.274;6615.631;4432.792
Estados Unidos;2011;12261.759;30893.483;23190.787;6602.753;4914.054
Estados Unidos;2012;11851.051;30997.627;22763.076;6516.117;5495
Estados Unidos;2013;11279.437;31542.765;25121.525;6455.249;5631.401
Estados Unidos;2014;9573.985;31344.732;25807.625;6411.387;5787.739
Estados Unidos;2015;7722.986;27307.882;25136.358;6197.52;6263.842
Estados Unidos;2016;7756.424524;27364.50956;25157.78414;6376.929565;5891.797346
Estados Unidos;2017;7733.259317;27225.47598;25122.58995;6499.412703;5885.564302
Estados Unidos;2018;7682.545495;27059.10415;25059.83051;6594.024507;5989.654715
Estados Unidos;2019;7599.246953;26860.35798;24964.4697;6655.728873;6224.213007
Estados Unidos;2020;7548.888217;26694.76197;24902.03204;6750.050325;6327.141076
Estados Unidos;2021;7554.711384;26585.55824;24895.75964;6900.230961;6205.470532
Estados Unidos;2022;7566.486594;26482.51693;24895.42263;7056.040921;6060.120811
Estados Unidos;2023;7536.043538;26337.46771;24852.85071;7169.309896;6083.773154
Estados Unidos;2024;7543.576643;26230.60502;24848.2383;7320.232312;5955.649855
Estados Unidos;2025;7513.061796;26085.90476;24805.56129;7432.784059;5979.847358
Estados Unidos;2026;7455.103271;25913.97118;24735.42396;7517.569408;6113.948573
Estados Unidos;2027;7435.44161;25780.54483;24703.56684;7640.328902;6094.991332
Estados Unidos;2028;7449.665693;25681.2146;24705.57881;7796.651421;5940.62011
Estados Unidos;2029;7408.447253;25526.65222;24652.13162;7897.208698;6008.147981
Estados Unidos;2030;7366.725433;25371.79682;24598.16439;7996.939876;6077.81837
Estados Unidos;2031;7344.092169;25236.24035;24563.26908;8115.436891;6071.263533
Estados Unidos;2032;7294.343143;25073.77848;24501.24135;8206.495425;6173.300741
Estados Unidos;2033;7212.522832;24879.4557;24407.12569;8265.159955;6403.752092
Estados Unidos;2034;7163.126849;24717.76762;24345.41771;8355.926094;6504.635125
Estados Unidos;2035;7169.029565;24611.5886;24338.99178;8501.668213;6384.452363
Estados Unidos;2036;7180.789987;24511.47766;24338.40691;8652.945318;6240.967777
Estados Unidos;2037;7150.997722;24370.0244;24296.2527;8762.347019;6263.822934
Estados Unidos;2038;7158.582372;24266.15843;24291.45876;8908.802914;6137.299433
Estados Unidos;2039;7128.720338;24125.05614;24249.20149;9017.489408;6160.691662
Estados Unidos;2040;7071.850008;23957.15592;24179.91927;9098.844885;6292.246078
